Time,GPU Util (%),Memory Used (MB),Temp (C)
17:53:58.765,0,494,40
17:53:58.866,15,494,40
17:53:58.967,15,494,40
17:53:59.067,2,494,40
17:53:59.168,2,494,40
17:53:59.268,0,494,40
17:53:59.369,1,494,40
17:53:59.470,1,494,40
17:53:59.570,0,494,40
17:53:59.671,0,446,40
17:53:59.771,15,446,40
17:53:59.872,2,446,40
17:53:59.973,2,446,40
17:54:00.073,9,446,40
17:54:00.174,0,446,40
17:54:00.274,0,446,40
17:54:00.375,18,447,40
17:54:00.475,18,458,40
17:54:00.576,83,462,41
17:54:00.676,8,462,41
17:54:00.776,8,464,41
17:54:00.877,3,464,41
17:54:00.977,3,464,41
17:54:01.078,25,464,41
17:54:01.178,31,464,41
17:54:01.279,31,464,41
17:54:01.379,54,464,42
17:54:01.479,54,464,42
17:54:01.581,47,464,43
17:54:01.681,61,465,42
17:54:01.782,61,465,43
17:54:01.882,62,465,43
17:54:01.982,62,465,43
17:54:02.083,59,465,43
17:54:02.183,51,465,43
17:54:02.285,51,465,43
17:54:02.385,73,465,43
17:54:02.486,73,465,43
17:54:02.586,57,465,44
17:54:02.686,71,465,43
17:54:02.788,71,465,43
17:54:02.888,72,465,43
17:54:02.989,72,465,44
17:54:03.089,69,465,44
17:54:03.189,83,465,44
17:54:03.290,83,465,44
17:54:03.390,100,465,44
17:54:03.491,100,465,44
17:54:03.591,100,465,45
17:54:03.692,100,465,45
17:54:03.792,100,465,44
17:54:03.892,100,465,44
17:54:03.993,100,465,45
17:54:04.093,100,465,45
17:54:04.193,100,465,44
17:54:04.294,100,465,45
17:54:04.394,75,470,44
17:54:04.494,75,470,44
17:54:04.595,36,470,43
17:54:04.695,18,470,43
17:54:04.796,18,470,43
17:54:04.896,56,470,43
17:54:04.996,56,470,44
17:54:05.097,44,470,44
17:54:05.197,57,470,43
17:54:05.298,57,470,44
17:54:05.398,54,470,44
17:54:05.498,54,470,44
17:54:05.599,61,470,44
17:54:05.699,66,470,44
17:54:05.800,66,470,45
17:54:05.900,89,470,45
17:54:05.000,89,470,45
17:54:06.101,100,470,45
17:54:06.201,100,470,45
17:54:06.301,100,470,45
17:54:06.402,100,470,45
17:54:06.502,100,470,45
17:54:06.602,100,470,45
17:54:06.703,100,470,45
17:54:06.803,100,470,45
17:54:06.904,100,470,45
17:54:07.004,100,470,45
17:54:07.104,100,470,45
17:54:07.205,100,470,45
17:54:07.305,100,470,45
17:54:07.406,83,474,44
17:54:07.506,83,474,45
17:54:07.607,33,474,44
17:54:07.707,20,474,44
17:54:07.807,20,474,44
17:54:07.908,58,474,44
17:54:08.008,58,474,44
17:54:08.108,39,474,45
17:54:08.209,61,474,44
17:54:08.311,61,474,44
17:54:08.411,61,474,44
17:54:08.512,61,474,45
17:54:08.612,100,474,45
17:54:08.712,100,474,45
17:54:08.813,100,474,45
17:54:08.913,100,474,45
17:54:09.014,100,474,45
17:54:09.114,100,474,45
17:54:09.214,100,474,45
17:54:09.315,100,474,45
17:54:09.415,100,474,45
17:54:09.515,100,474,45
17:54:09.616,100,474,45
17:54:09.716,100,474,45
17:54:09.817,100,474,45
17:54:09.918,100,474,45
17:54:10.018,100,474,45
17:54:10.118,100,474,44
17:54:10.219,19,473,44
17:54:10.319,19,473,45
17:54:10.420,35,473,44
17:54:10.520,35,473,44
17:54:10.620,41,473,45
17:54:10.721,33,473,45
17:54:10.821,33,473,44
17:54:10.922,66,473,45
17:54:11.022,66,473,45
17:54:11.122,61,473,45
17:54:11.223,100,473,46
17:54:11.323,100,473,45
17:54:11.423,100,473,46
17:54:11.524,100,473,45
17:54:11.626,100,473,45
17:54:11.727,100,473,46
17:54:11.827,100,473,46
17:54:11.928,100,473,46
17:54:12.028,100,473,46
17:54:12.128,100,473,46
17:54:12.229,100,473,46
17:54:12.329,100,473,45
17:54:12.429,100,473,46
17:54:12.530,100,473,46
17:54:12.630,100,473,46
17:54:12.731,100,473,46
17:54:12.831,100,473,45
17:54:12.931,53,473,45
17:54:13.032,53,473,45
17:54:13.132,45,473,45
17:54:13.233,30,473,45
17:54:13.333,30,473,45
17:54:13.433,42,473,45
17:54:13.534,42,473,45
17:54:13.634,68,473,45
17:54:13.735,69,473,45
17:54:13.835,69,473,45
17:54:13.935,100,473,46
17:54:14.036,100,473,46
17:54:14.136,100,473,46
17:54:14.237,100,473,46
17:54:14.338,100,473,46
17:54:14.438,100,473,46
17:54:14.539,100,470,46
17:54:14.639,100,470,46
17:54:14.740,100,470,46
17:54:14.840,100,470,46
17:54:14.940,100,470,46
17:54:15.041,100,470,46
17:54:15.141,100,470,46
17:54:15.242,100,470,46
17:54:15.342,100,470,46
17:54:15.442,100,471,46
17:54:15.543,34,471,45
17:54:15.643,34,471,45
17:54:15.744,37,471,45
17:54:15.844,37,471,45
17:54:15.945,43,471,45
17:54:16.045,35,471,45
17:54:16.145,35,471,45
17:54:16.246,67,471,45
17:54:16.346,67,471,45
17:54:16.447,69,471,46
17:54:16.547,100,471,46
17:54:16.647,100,471,46
17:54:16.748,100,471,47
17:54:16.848,100,471,46
17:54:16.948,100,471,46
17:54:17.049,100,471,46
17:54:17.149,100,471,47
17:54:17.249,100,471,46
17:54:17.350,100,471,47
17:54:17.450,100,471,46
17:54:17.550,100,471,46
17:54:17.651,100,471,46
17:54:17.751,100,471,46
17:54:17.851,100,471,46
17:54:17.952,100,471,46
17:54:18.052,100,471,46
17:54:18.152,100,475,46
17:54:18.253,39,475,45
17:54:18.353,39,475,45
17:54:18.453,22,475,46
17:54:18.554,54,475,46
17:54:18.654,54,475,45
17:54:18.755,35,475,46
17:54:18.855,35,475,46
17:54:18.955,66,475,46
17:54:19.056,81,475,46
17:54:19.156,81,475,47
17:54:19.256,100,475,47
17:54:19.357,100,475,46
17:54:19.457,100,475,47
17:54:19.558,100,475,47
17:54:19.658,100,475,47
17:54:19.758,100,475,47
17:54:19.859,100,475,47
17:54:19.959,100,475,47
17:54:20.060,100,475,47
17:54:20.160,100,475,46
17:54:20.260,100,475,46
17:54:20.361,100,475,46
17:54:20.461,100,475,46
17:54:20.561,100,475,47
17:54:20.662,100,475,46
17:54:20.762,98,479,46
17:54:20.863,98,479,46
17:54:20.963,31,479,46
17:54:21.064,23,479,45
17:54:21.164,23,479,46
17:54:21.264,57,479,45
17:54:21.365,57,479,46
17:54:21.465,44,479,46
17:54:21.566,60,479,46
17:54:21.666,60,479,47
17:54:21.766,94,479,46
17:54:21.867,94,479,47
17:54:21.967,100,479,47
17:54:22.067,100,479,47
17:54:22.168,100,479,47
17:54:22.268,100,479,47
17:54:22.369,100,479,47
17:54:22.469,100,479,47
17:54:22.569,100,479,47
17:54:22.670,100,479,47
17:54:22.770,100,479,47
17:54:22.870,100,479,47
17:54:22.971,100,479,47
17:54:23.071,100,479,47
17:54:23.171,100,479,47
17:54:23.272,100,479,47
17:54:23.372,100,479,47
17:54:23.473,81,483,46
17:54:23.573,38,483,46
17:54:23.674,38,483,45
17:54:23.774,22,483,46
17:54:23.875,22,483,46
17:54:23.975,48,483,45
17:54:24.075,46,483,46
17:54:24.176,46,483,46
17:54:24.276,77,483,47
17:54:24.377,77,483,47
17:54:24.477,100,483,47
17:54:24.577,100,483,47
17:54:24.678,100,483,47
17:54:24.778,100,483,47
17:54:24.879,100,483,47
17:54:24.979,100,483,47
17:54:25.079,100,483,47
17:54:25.180,100,483,47
17:54:25.280,100,483,47
17:54:25.381,100,483,47
17:54:25.481,100,483,47
17:54:25.581,100,483,47
17:54:25.682,100,483,47
17:54:25.782,100,483,47
17:54:25.883,100,483,47
17:54:25.983,100,483,47
17:54:26.083,57,487,46
17:54:26.184,57,487,46
17:54:26.284,43,487,46
17:54:26.385,43,487,46
17:54:26.485,30,487,46
17:54:26.586,38,487,46
17:54:26.686,38,487,46
17:54:26.786,59,487,46
17:54:26.887,59,487,47
17:54:26.987,85,487,47
17:54:27.088,100,487,47
17:54:27.188,100,487,47
17:54:27.288,100,487,47
17:54:27.389,100,487,47
17:54:27.489,100,487,47
17:54:27.589,100,487,47
17:54:27.690,100,487,47
17:54:27.790,100,487,48
17:54:27.890,100,487,47
17:54:27.990,100,487,47
17:54:28.091,100,487,47
17:54:28.191,100,487,47
17:54:28.291,100,487,47
17:54:28.392,100,487,47
17:54:28.492,100,487,47
17:54:28.592,100,487,47
17:54:28.693,100,485,46
17:54:28.793,23,485,46
17:54:28.894,23,485,46
17:54:28.994,0,485,46
17:54:29.095,0,485,46
17:54:29.195,0,485,46
17:54:29.295,0,487,46
17:54:29.396,0,491,46
17:54:29.497,4,489,45
17:54:29.597,2,489,46
17:54:29.697,2,489,46
17:54:29.798,0,489,45
